{
  "_format": "hh-sol-cache-2",
  "files": {
    "C:\\Users\\Atharv\\Desktop\\IMS\\contracts\\InventoryManagementSystem.sol": {
      "lastModificationDate": 1713637022985,
      "contentHash": "3f760d3ece3e07b5a4863ca66a68276b",
      "sourceName": "contracts/InventoryManagementSystem.sol",
      "solcConfig": {
        "version": "0.8.17",
        "settings": {
          "optimizer": {
            "enabled": false,
            "runs": 200
          },
          "outputSelection": {
            "*": {
              "*": [
                "abi",
                "evm.bytecode",
                "evm.deployedBytecode",
                "evm.methodIdentifiers",
                "metadata"
              ],
              "": [
                "ast"
              ]
            }
          }
        }
      },
      "imports": [],
      "versionPragmas": [
        ">=0.7.0 <0.9.0"
      ],
      "artifacts": [
        "InventoryManagementSystem"
      ]
    },
    "C:\\Users\\Atharv\\Desktop\\IMS\\contracts\\IMS.sol": {
      "lastModificationDate": 1714926062246,
      "contentHash": "d0eef65ac085faffc295c484c6208ad8",
      "sourceName": "contracts/IMS.sol",
      "solcConfig": {
        "version": "0.8.17",
        "settings": {
          "optimizer": {
            "enabled": false,
            "runs": 200
          },
          "outputSelection": {
            "*": {
              "*": [
                "abi",
                "evm.bytecode",
                "evm.deployedBytecode",
                "evm.methodIdentifiers",
                "metadata"
              ],
              "": [
                "ast"
              ]
            }
          }
        }
      },
      "imports": [],
      "versionPragmas": [
        ">=0.7.0 <0.9.0"
      ],
      "artifacts": [
        "IMS"
      ]
    }
  }
}
